AC,AF,AR,AS,AST,AY,AwayTeam,B365A,B365D,B365H,BWA,BWD,BWH,Bb1X2,BbAH,BbAHh,BbAv<2.5,BbAv>2.5,BbAvA,BbAvAHA,BbAvAHH,BbAvD,BbAvH,BbMx<2.5,BbMx>2.5,BbMxA,BbMxAHA,BbMxAHH,BbMxD,BbMxH,BbOU,Date,Div,FTAG,FTHG,FTR,HC,HF,HR,HS,HST,HTAG,HTHG,HTR,HY,HomeTeam,IWA,IWD,IWH,IsTraining,LBA,LBD,LBH,PSA,PSCA,PSCD,PSCH,PSD,PSH,Referee,VCA,VCD,VCH,WHA,WHD,WHH,away_team_corners_against,away_team_corners_for,away_team_goals_against,away_team_goals_for,away_team_possession,away_team_shotsoff_against,away_team_shotsoff_for,away_team_shotson_against,away_team_shotson_for,home_team_corners_against,home_team_corners_for,home_team_goals_against,home_team_goals_for,home_team_possession,home_team_shotsoff_against,home_team_shotsoff_for,home_team_shotson_against,home_team_shotson_for
5.0,8.0,0.0,13.0,4.0,1.0,Leicester,7.5,3.9,1.57,7.5,4.0,1.53,39.0,17.0,-0.75,1.79,2.03,7.06,2.21,1.7,3.92,1.56,1.85,2.12,8.05,2.29,1.75,4.2,1.6,38.0,2018-10-08,E0,1.0,2.0,H,2.0,11.0,0.0,8.0,6.0,0.0,1.0,H,2.0,Man United,7.0,3.8,1.55,True,6.5,3.8,1.53,7.5,7.69,4.07,1.55,3.93,1.58,A Marriner,7.0,4.0,1.57,6.0,3.8,1.57,61.0,104.0,26.0,23.0,755.6882205513783,61.0,77.0,80.0,86.0,74.0,63.0,20.0,21.0,816.3603174603173,62.0,82.0,97.0,68.0
4.0,9.0,0.0,10.0,1.0,1.0,Cardiff,4.5,3.6,1.9,4.4,3.4,1.9,39.0,20.0,-0.75,1.83,1.98,4.37,1.75,2.13,3.53,1.88,1.92,2.05,4.75,1.8,2.2,3.71,1.93,38.0,2018-11-08,E0,0.0,2.0,H,7.0,11.0,0.0,12.0,4.0,0.0,1.0,H,1.0,Bournemouth,4.1,3.5,1.9,True,4.25,3.5,1.85,4.58,4.7,3.61,1.88,3.63,1.89,K Friend,4.75,3.6,1.87,4.0,3.5,1.91,25.0,22.0,4.0,5.0,143.51904761904763,19.0,23.0,23.0,12.0,64.0,110.0,21.0,25.0,713.7223475355054,73.0,108.0,78.0,97.0
5.0,11.0,0.0,10.0,9.0,2.0,Crystal Palace,3.0,3.4,2.5,2.95,3.3,2.45,39.0,22.0,-0.25,1.87,1.95,2.92,1.77,2.11,3.35,2.47,1.96,2.0,3.05,1.81,2.18,3.49,2.6,38.0,2018-11-08,E0,2.0,0.0,A,5.0,9.0,0.0,15.0,6.0,1.0,0.0,A,1.0,Fulham,2.95,3.3,2.4,True,2.87,3.25,2.45,3.0,2.9,3.38,2.62,3.46,2.5,M Dean,3.0,3.4,2.5,2.8,3.3,2.45,78.0,82.0,25.0,19.0,659.1458425475454,75.0,77.0,88.0,87.0,12.0,23.0,7.0,10.0,213.22894736842102,15.0,30.0,20.0,41.0
5.0,8.0,0.0,13.0,4.0,1.0,Chelsea,1.61,4.0,6.5,1.57,3.9,6.25,38.0,23.0,1.0,1.84,1.98,1.61,2.06,1.8,3.9,6.09,1.9,2.05,1.66,2.13,1.84,4.07,6.85,37.0,2018-11-08,E0,3.0,0.0,A,2.0,9.0,0.0,6.0,1.0,2.0,0.0,A,2.0,Huddersfield,1.55,4.0,6.2,True,1.6,3.75,5.75,1.62,1.58,3.95,7.24,4.02,6.41,C Kavanagh,1.62,4.0,6.5,1.57,3.9,5.8,51.0,76.0,19.0,22.0,847.0657894736843,66.0,82.0,71.0,116.0,49.0,100.0,16.0,12.0,667.3119219617671,45.0,98.0,54.0,107.0
5.0,12.0,0.0,15.0,5.0,2.0,Tottenham,2.04,3.5,3.9,2.0,3.5,3.8,39.0,20.0,0.25,1.81,2.01,2.05,1.76,2.12,3.4,3.83,1.88,2.1,2.12,1.8,2.2,3.57,4.01,38.0,2018-11-08,E0,2.0,1.0,A,3.0,11.0,0.0,15.0,2.0,2.0,1.0,A,2.0,Newcastle,2.05,3.35,3.7,True,2.0,3.3,3.7,2.08,1.89,3.53,4.74,3.57,3.83,M Atkinson,2.1,3.4,3.9,2.05,3.2,3.8,74.0,69.0,25.0,22.0,939.2624895572264,80.0,84.0,94.0,88.0,56.0,67.0,12.0,24.0,617.2736842105263,72.0,88.0,60.0,75.0
2.0,16.0,0.0,6.0,0.0,2.0,Brighton,3.4,3.2,2.37,3.3,3.1,2.35,39.0,22.0,-0.25,1.59,2.35,3.31,1.86,2.01,3.14,2.36,1.67,2.46,3.42,1.9,2.07,3.3,2.48,37.0,2018-11-08,E0,0.0,2.0,H,8.0,10.0,0.0,19.0,5.0,0.0,1.0,H,2.0,Watford,3.4,3.3,2.2,True,3.2,3.1,2.35,3.33,3.22,3.08,2.58,3.22,2.43,J Moss,3.4,3.2,2.4,3.3,3.0,2.38,62.0,83.0,14.0,31.0,607.0568922305764,58.0,82.0,64.0,93.0,61.0,85.0,10.0,28.0,724.223632610939,52.0,67.0,57.0,85.0
6.0,7.0,1.0,6.0,5.0,1.0,Everton,3.3,3.3,2.37,3.2,3.2,2.35,38.0,22.0,-0.25,1.75,2.09,3.23,1.88,1.98,3.27,2.33,1.83,2.2,3.4,1.92,2.04,3.4,2.41,36.0,2018-11-08,E0,2.0,2.0,D,3.0,8.0,0.0,11.0,4.0,1.0,1.0,D,0.0,Wolves,3.2,3.35,2.25,True,3.2,3.2,2.25,3.28,3.32,3.23,2.44,3.4,2.36,C Pawson,3.3,3.3,2.38,3.2,3.2,2.3,72.0,70.0,18.0,22.0,718.8904270480123,68.0,77.0,75.0,80.0,28.0,13.0,5.0,4.0,194.00150375939847,26.0,19.0,22.0,16.0
9.0,14.0,0.0,17.0,8.0,2.0,Man City,1.95,3.8,4.0,1.95,3.75,3.7,39.0,20.0,0.75,2.42,1.55,1.92,2.15,1.74,3.8,3.83,2.55,1.6,2.0,2.21,1.78,4.0,4.15,36.0,2018-12-08,E0,2.0,0.0,A,2.0,11.0,0.0,9.0,3.0,1.0,0.0,A,2.0,Arsenal,2.0,3.6,3.6,True,1.95,3.7,3.6,1.93,1.81,4.13,4.43,3.97,4.0,M Oliver,1.91,4.0,3.9,1.91,3.8,3.8,80.0,70.0,25.0,26.0,1054.4651137648043,79.0,91.0,58.0,82.0,80.0,83.0,21.0,36.0,857.0874686716792,69.0,88.0,97.0,102.0
4.0,9.0,0.0,5.0,2.0,2.0,West Ham,14.0,6.5,1.25,14.0,6.75,1.2,38.0,21.0,-1.75,2.72,1.44,12.3,1.97,1.9,6.22,1.25,2.88,1.49,15.0,2.06,1.95,6.79,1.29,33.0,2018-12-08,E0,0.0,4.0,H,5.0,14.0,0.0,18.0,8.0,0.0,2.0,H,1.0,Liverpool,11.0,6.1,1.25,True,13.0,6.5,1.22,13.25,12.0,6.95,1.25,6.35,1.27,A Taylor,13.0,6.5,1.25,12.0,5.5,1.25,66.0,87.0,19.0,33.0,686.5188043638508,68.0,87.0,76.0,104.0,61.0,86.0,10.0,31.0,973.3061698363556,57.0,82.0,63.0,97.0
5.0,9.0,0.0,16.0,6.0,1.0,Burnley,5.0,3.5,1.85,4.75,3.5,1.8,39.0,20.0,-0.75,1.6,2.34,4.8,1.76,2.11,3.43,1.84,1.67,2.45,5.2,1.82,2.19,3.61,1.9,37.0,2018-12-08,E0,0.0,0.0,D,8.0,10.0,0.0,18.0,3.0,0.0,0.0,D,0.0,Southampton,4.5,3.6,1.8,True,4.75,3.25,1.83,4.99,4.65,3.19,2.03,3.51,1.86,G Scott,5.2,3.4,1.85,4.8,3.25,1.83,69.0,79.0,22.0,21.0,727.9691311612364,65.0,70.0,89.0,89.0,87.0,95.0,17.0,18.0,727.81015037594,75.0,67.0,91.0,88.0
5.0,16.0,1.0,12.0,6.0,2.0,Newcastle,2.54,3.1,3.25,2.45,3.1,3.1,41.0,21.0,0.25,1.53,2.48,2.5,2.11,1.78,3.07,3.14,1.58,2.61,2.6,2.15,1.82,3.21,3.25,38.0,2018-08-18,E0,0.0,0.0,D,5.0,14.0,0.0,12.0,1.0,0.0,0.0,D,2.0,Cardiff,2.5,3.2,2.9,True,2.45,3.0,3.1,2.54,2.47,3.21,3.27,3.12,3.25,C Pawson,2.55,3.1,3.25,2.45,3.0,3.1,66.0,66.0,10.0,25.0,668.179573934837,71.0,94.0,66.0,74.0,4.0,7.0,0.0,3.0,33.55,6.0,6.0,2.0,2.0
1.0,9.0,0.0,15.0,6.0,2.0,Arsenal,4.5,4.0,1.8,4.5,3.8,1.78,41.0,21.0,-0.75,2.17,1.68,4.29,1.84,2.03,3.85,1.81,2.25,1.75,4.54,1.88,2.08,4.02,1.87,39.0,2018-08-18,E0,2.0,3.0,H,5.0,12.0,0.0,24.0,11.0,2.0,2.0,D,0.0,Chelsea,4.2,3.8,1.8,True,4.2,3.7,1.8,4.46,4.64,3.84,1.83,3.97,1.83,M Atkinson,4.5,4.0,1.8,4.0,3.75,1.83,80.0,89.0,15.0,42.0,864.8461988304094,60.0,85.0,80.0,95.0,54.0,82.0,20.0,22.0,816.8894736842105,56.0,91.0,63.0,115.0
5.0,20.0,0.0,15.0,4.0,5.0,Southampton,4.75,3.5,1.9,4.5,3.3,1.91,40.0,20.0,-0.75,1.7,2.15,4.41,1.73,2.16,3.44,1.89,1.77,2.25,4.78,1.77,2.25,3.63,2.0,38.0,2018-08-18,E0,1.0,2.0,H,2.0,8.0,0.0,13.0,7.0,0.0,2.0,H,0.0,Everton,4.0,3.25,2.0,True,4.33,3.3,1.86,4.71,4.92,3.63,1.84,3.56,1.89,L Mason,4.6,3.5,1.91,4.0,3.4,1.91,89.0,85.0,18.0,18.0,745.542105263158,86.0,66.0,79.0,78.0,77.0,72.0,15.0,26.0,705.9564671482627,80.0,67.0,76.0,84.0
9.0,8.0,0.0,11.0,3.0,1.0,Wolves,3.9,3.5,2.04,3.8,3.5,2.0,41.0,21.0,-0.25,1.78,2.03,3.77,2.13,1.76,3.44,2.05,1.86,2.1,4.0,2.21,1.8,3.61,2.12,39.0,2018-08-18,E0,0.0,2.0,H,1.0,10.0,1.0,6.0,2.0,0.0,2.0,H,2.0,Leicester,3.6,3.3,2.1,True,3.7,3.3,2.05,3.9,3.81,3.41,2.14,3.56,2.05,M Dean,4.0,3.5,2.05,3.6,3.4,2.05,,,,,,,,,,55.0,105.0,24.0,29.0,773.8088972431077,53.0,80.0,74.0,83.0
2.0,5.0,0.0,10.0,3.0,0.0,Fulham,12.0,6.0,1.28,10.0,6.0,1.28,41.0,21.0,-1.75,2.54,1.51,10.92,1.86,2.0,5.88,1.28,2.67,1.56,12.61,1.91,2.06,6.5,1.31,38.0,2018-08-18,E0,1.0,3.0,H,5.0,9.0,0.0,25.0,11.0,0.0,1.0,H,0.0,Tottenham,10.0,6.0,1.27,True,11.0,5.5,1.28,12.44,11.96,6.5,1.27,6.29,1.28,A Taylor,12.0,6.0,1.29,10.0,6.0,1.25,5.0,5.0,2.0,0.0,61.631578947368425,0.0,3.0,10.0,11.0,72.0,75.0,25.0,20.0,935.8347117794484,73.0,85.0,99.0,83.0
4.0,10.0,0.0,12.0,5.0,2.0,Bournemouth,3.7,3.6,2.1,3.75,3.3,2.1,41.0,22.0,-0.25,2.04,1.78,3.56,2.08,1.79,3.53,2.08,2.14,1.85,3.75,2.13,1.84,3.67,2.15,40.0,2018-08-18,E0,2.0,1.0,A,6.0,14.0,0.0,11.0,5.0,0.0,1.0,H,6.0,West Ham,3.55,3.55,2.05,True,3.4,3.5,2.05,3.69,3.74,3.6,2.1,3.65,2.09,S Attwell,3.7,3.6,2.1,3.4,3.6,2.05,64.0,109.0,23.0,25.0,724.509882549511,67.0,105.0,82.0,99.0,66.0,88.0,17.0,33.0,692.2807091257555,64.0,91.0,67.0,87.0
5.0,13.0,0.0,9.0,3.0,1.0,Man United,1.75,3.6,5.5,1.7,3.6,5.5,42.0,22.0,1.0,1.64,2.26,1.76,2.44,1.58,3.53,5.19,1.7,2.35,1.84,2.54,1.62,3.62,5.52,39.0,2018-08-19,E0,2.0,3.0,H,3.0,16.0,0.0,6.0,3.0,1.0,3.0,H,1.0,Brighton,1.75,3.5,5.1,True,1.75,3.4,5.0,1.81,1.71,3.7,5.9,3.56,5.37,K Friend,1.75,3.6,5.5,1.75,3.6,4.8,77.0,64.0,13.0,23.0,822.1103174603173,55.0,84.0,95.0,76.0,58.0,83.0,13.0,30.0,615.504260651629,61.0,95.0,66.0,95.0
2.0,19.0,0.0,9.0,6.0,2.0,Watford,3.4,3.1,2.45,3.2,3.1,2.4,42.0,22.0,-0.25,1.49,2.59,3.34,1.86,2.02,3.04,2.39,1.54,2.75,3.5,1.91,2.1,3.18,2.5,38.0,2018-08-19,E0,3.0,1.0,A,5.0,8.0,0.0,8.0,3.0,1.0,1.0,D,1.0,Burnley,3.15,3.1,2.4,True,3.25,3.0,2.37,3.37,3.36,3.11,2.48,3.08,2.47,P Tierney,3.5,3.1,2.4,3.25,3.0,2.38,61.0,87.0,7.0,28.0,751.2578431372549,58.0,70.0,53.0,90.0,77.0,81.0,15.0,21.0,709.466499582289,71.0,65.0,87.0,83.0
3.0,4.0,0.0,5.0,1.0,2.0,Huddersfield,26.0,13.0,1.1,31.0,12.0,1.07,42.0,20.0,-3.0,3.32,1.32,28.36,1.68,2.24,11.35,1.09,3.6,1.39,35.0,1.72,2.31,13.0,1.11,35.0,2018-08-19,E0,1.0,6.0,H,10.0,9.0,0.0,32.0,14.0,1.0,3.0,H,0.0,Man City,29.0,10.5,1.08,True,26.0,11.0,1.08,32.7,36.05,13.93,1.08,12.39,1.1,A Marriner,34.0,13.0,1.06,29.0,12.0,1.06,48.0,87.0,18.0,12.0,636.3701852670893,38.0,92.0,60.0,100.0,84.0,71.0,23.0,27.0,1055.0039682539682,75.0,79.0,63.0,71.0
7.0,13.0,0.0,16.0,6.0,1.0,Liverpool,1.44,5.0,7.0,1.44,4.75,6.75,41.0,20.0,1.25,2.43,1.55,1.44,1.94,1.93,4.83,6.79,2.6,1.59,1.49,1.99,1.97,5.11,7.35,37.0,2018-08-20,E0,2.0,0.0,A,6.0,6.0,1.0,8.0,2.0,1.0,0.0,A,1.0,Crystal Palace,1.45,4.5,7.0,True,1.44,4.6,7.0,1.45,1.41,5.28,8.01,5.09,7.34,M Oliver,1.45,5.0,7.0,1.44,4.75,6.0,57.0,75.0,14.0,31.0,951.2125386996904,60.0,75.0,66.0,82.0,80.0,81.0,22.0,22.0,671.6833333333334,72.0,79.0,84.0,87.0
2.0,13.0,0.0,13.0,5.0,3.0,West Ham,9.0,5.5,1.36,7.75,5.25,1.36,41.0,21.0,-1.5,2.73,1.44,8.1,1.87,2.0,5.32,1.37,2.9,1.5,9.5,1.92,2.05,5.72,1.4,33.0,2018-08-25,E0,1.0,3.0,H,10.0,16.0,0.0,17.0,10.0,1.0,1.0,D,1.0,Arsenal,7.5,4.8,1.4,True,8.0,5.0,1.36,8.77,8.67,5.65,1.37,5.52,1.38,G Scott,9.0,5.5,1.36,7.5,5.0,1.36,68.0,88.0,17.0,36.0,691.6188043638507,63.0,91.0,68.0,92.0,77.0,87.0,17.0,38.0,826.7152464494571,67.0,89.0,89.0,101.0
2.0,10.0,1.0,11.0,3.0,3.0,Everton,2.75,3.6,2.62,2.7,3.4,2.6,41.0,21.0,-0.25,2.12,1.72,2.7,1.69,2.22,3.49,2.59,2.25,1.76,2.81,1.74,2.29,3.6,2.69,38.0,2018-08-25,E0,2.0,2.0,D,6.0,12.0,1.0,17.0,5.0,0.0,0.0,D,0.0,Bournemouth,2.65,3.5,2.55,True,2.62,3.4,2.55,2.77,2.75,3.51,2.68,3.58,2.63,L Probert,2.75,3.6,2.6,2.62,3.6,2.5,80.0,72.0,17.0,27.0,701.2380460956311,74.0,67.0,77.0,86.0,63.0,107.0,22.0,26.0,725.4194063590347,69.0,101.0,83.0,94.0
7.0,10.0,0.0,14.0,4.0,1.0,Cardiff,3.7,3.0,2.37,3.5,3.1,2.25,41.0,22.0,-0.25,1.5,2.58,3.53,1.91,1.95,3.04,2.32,1.55,2.72,3.7,1.95,2.01,3.18,2.4,38.0,2018-08-25,E0,0.0,0.0,D,7.0,8.0,1.0,5.0,1.0,0.0,0.0,D,0.0,Huddersfield,3.55,3.0,2.3,True,3.4,3.0,2.25,3.68,3.5,3.03,2.46,3.1,2.34,M Oliver,3.6,3.1,2.38,3.3,3.1,2.3,9.0,12.0,1.0,3.0,85.16904761904762,7.0,13.0,10.0,7.0,47.0,96.0,17.0,17.0,640.6143029141483,39.0,100.0,52.0,117.0
5.0,14.0,0.0,6.0,2.0,1.0,Brighton,19.0,8.5,1.16,17.5,7.5,1.16,41.0,21.0,-2.25,2.85,1.41,18.81,1.91,1.96,8.05,1.16,3.0,1.47,23.0,1.96,2.03,8.92,1.18,35.0,2018-08-25,E0,0.0,1.0,H,8.0,8.0,0.0,22.0,8.0,0.0,1.0,H,1.0,Liverpool,18.0,7.9,1.15,True,21.0,8.0,1.14,21.13,22.0,9.48,1.15,8.54,1.17,C Kavanagh,23.0,8.5,1.15,17.0,8.0,1.15,61.0,79.0,14.0,32.0,615.854260651629,61.0,88.0,65.0,86.0,60.0,80.0,13.0,31.0,933.1448916408671,64.0,77.0,67.0,83.0
3.0,11.0,0.0,8.0,5.0,1.0,Leicester,3.25,3.2,2.45,3.1,3.2,2.4,41.0,22.0,-0.25,1.63,2.27,3.12,1.83,2.05,3.22,2.42,1.7,2.4,3.25,1.87,2.12,3.35,2.52,39.0,2018-08-25,E0,2.0,1.0,A,10.0,13.0,1.0,11.0,5.0,0.0,0.0,D,1.0,Southampton,3.1,3.15,2.4,True,3.1,3.1,2.37,3.18,3.44,3.28,2.35,3.34,2.45,J Moss,3.25,3.25,2.45,3.1,3.3,2.3,59.0,101.0,24.0,28.0,768.6231829573935,56.0,76.0,74.0,83.0,88.0,86.0,17.0,19.0,728.5078947368422,85.0,61.0,86.0,81.0
9.0,8.0,0.0,18.0,6.0,2.0,Man City,1.28,6.5,11.0,1.25,6.75,10.0,40.0,21.0,2.0,2.46,1.54,1.27,2.37,1.61,6.18,10.84,2.6,1.59,1.3,2.51,1.67,6.75,13.0,37.0,2018-08-25,E0,1.0,1.0,D,5.0,13.0,0.0,11.0,2.0,0.0,0.0,D,1.0,Wolves,1.25,6.1,11.0,True,1.25,5.75,12.0,1.27,1.3,5.82,12.01,6.52,12.1,M Atkinson,1.29,6.25,13.0,1.25,6.0,10.0,86.0,72.0,25.0,29.0,1051.2098506069096,80.0,84.0,62.0,79.0,15.0,4.0,3.0,3.0,108.23571428571431,10.0,8.0,7.0,5.0
4.0,8.0,0.0,12.0,2.0,1.0,Burnley,4.33,3.4,2.0,4.0,3.3,2.0,39.0,20.0,-0.25,1.65,2.22,4.14,2.22,1.69,3.36,1.98,1.72,2.31,4.5,2.32,1.74,3.57,2.04,36.0,2018-08-26,E0,2.0,4.0,H,6.0,11.0,0.0,25.0,12.0,2.0,3.0,H,2.0,Fulham,4.1,3.35,1.97,True,3.9,3.2,2.0,4.4,3.71,3.23,2.26,3.47,1.97,D Coote,4.33,3.4,2.0,3.9,3.25,2.0,75.0,79.0,18.0,19.0,727.9191311612366,69.0,62.0,88.0,83.0,7.0,10.0,3.0,3.0,95.28157894736843,7.0,12.0,12.0,26.0
5.0,8.0,0.0,15.0,3.0,1.0,Chelsea,1.66,4.0,5.75,1.67,3.8,5.25,42.0,22.0,1.0,1.92,1.88,1.67,2.18,1.71,3.9,5.25,2.01,1.95,1.71,2.28,1.76,4.17,5.75,40.0,2018-08-26,E0,2.0,1.0,A,4.0,16.0,0.0,6.0,2.0,0.0,0.0,D,3.0,Newcastle,1.7,3.75,5.0,True,1.67,3.8,5.25,1.68,1.57,4.25,6.66,4.06,5.49,P Tierney,1.67,4.0,5.5,1.67,3.75,5.0,50.0,79.0,19.0,25.0,815.0394736842105,61.0,89.0,66.0,117.0,67.0,64.0,11.0,22.0,657.507894736842,69.0,93.0,69.0,76.0
3.0,11.0,0.0,9.0,3.0,2.0,Crystal Palace,3.0,3.25,2.6,2.95,3.1,2.55,42.0,20.0,-0.25,1.71,2.13,2.92,1.73,2.16,3.22,2.55,1.79,2.21,3.04,1.77,2.23,3.36,2.66,39.0,2018-08-26,E0,1.0,2.0,H,6.0,14.0,0.0,13.0,5.0,0.0,0.0,D,4.0,Watford,2.95,3.2,2.5,True,2.9,3.1,2.5,2.96,3.3,3.37,2.37,3.33,2.61,A Taylor,2.9,3.3,2.6,2.8,3.3,2.5,84.0,82.0,23.0,21.0,658.7533613445378,75.0,81.0,91.0,86.0,57.0,90.0,10.0,29.0,738.3578431372548,50.0,71.0,56.0,87.0
2.0,16.0,0.0,9.0,5.0,4.0,Tottenham,2.9,3.3,2.62,2.9,3.2,2.55,42.0,20.0,-0.25,1.79,2.03,2.86,1.72,2.18,3.27,2.56,1.84,2.1,3.0,1.76,2.25,3.4,2.67,40.0,2018-08-27,E0,3.0,0.0,A,5.0,11.0,0.0,23.0,5.0,0.0,0.0,D,2.0,Man United,2.75,3.25,2.6,True,2.75,3.2,2.55,2.93,2.93,3.35,2.62,3.36,2.61,C Pawson,2.9,3.3,2.6,2.7,3.4,2.5,71.0,74.0,25.0,22.0,948.8347117794488,78.0,81.0,96.0,89.0,79.0,61.0,14.0,25.0,838.3103174603175,56.0,73.0,94.0,67.0
1.0,14.0,0.0,10.0,5.0,3.0,Fulham,3.4,3.4,2.3,3.4,3.3,2.2,38.0,20.0,-0.25,1.88,1.92,3.33,1.96,1.91,3.37,2.23,1.93,2.0,3.5,2.01,1.95,3.5,2.3,37.0,2018-01-09,E0,2.0,2.0,D,7.0,12.0,0.0,15.0,5.0,1.0,0.0,A,3.0,Brighton,3.4,3.3,2.2,True,3.25,3.3,2.2,3.47,3.61,3.52,2.17,3.45,2.24,L Probert,3.5,3.4,2.25,3.2,3.3,2.25,,,,,,,,,,60.0,103.0,15.0,16.0,672.516683866529,59.0,93.0,80.0,84.0
6.0,7.0,0.0,8.0,1.0,2.0,Bournemouth,11.0,6.0,1.3,9.5,6.0,1.28,39.0,21.0,-1.75,2.82,1.42,9.9,1.85,2.01,5.88,1.29,3.0,1.45,11.0,1.9,2.07,6.3,1.33,33.0,2018-01-09,E0,0.0,2.0,H,7.0,10.0,0.0,24.0,6.0,0.0,0.0,D,2.0,Chelsea,10.0,6.0,1.27,True,10.0,5.5,1.28,10.73,10.48,5.98,1.32,6.3,1.3,L Mason,11.0,6.0,1.3,8.5,5.8,1.29,82.0,79.0,19.0,20.0,689.2766917293233,77.0,89.0,75.0,85.0,67.0,98.0,16.0,23.0,867.6072681704262,85.0,80.0,76.0,109.0
4.0,12.0,0.0,19.0,6.0,1.0,Southampton,4.2,3.5,2.0,4.1,3.4,1.95,37.0,17.0,-0.75,1.72,2.12,4.16,1.69,2.23,3.42,1.95,1.8,2.2,4.5,1.73,2.29,3.52,2.0,35.0,2018-01-09,E0,2.0,0.0,A,7.0,11.0,0.0,20.0,6.0,0.0,0.0,D,1.0,Crystal Palace,3.8,3.4,2.0,True,4.0,3.3,1.91,4.47,3.11,3.18,2.58,3.5,1.95,M Atkinson,4.33,3.4,2.0,4.0,3.4,1.95,71.0,87.0,17.0,24.0,766.797493734336,64.0,93.0,62.0,87.0,73.0,86.0,18.0,17.0,675.0830827067671,68.0,88.0,72.0,80.0
3.0,14.0,0.0,9.0,6.0,3.0,Huddersfield,7.5,4.2,1.53,7.5,4.0,1.5,37.0,21.0,-1.0,1.75,2.07,7.26,1.96,1.91,4.1,1.51,1.82,2.15,8.06,2.05,1.97,4.33,1.6,35.0,2018-01-09,E0,1.0,1.0,D,4.0,13.0,0.0,11.0,1.0,1.0,1.0,D,3.0,Everton,5.5,4.0,1.6,True,7.0,3.9,1.5,8.06,7.47,3.96,1.57,4.3,1.5,S Attwell,7.5,4.2,1.53,7.5,3.8,1.5,57.0,77.0,13.0,26.0,706.0576441102758,61.0,63.0,57.0,64.0,60.0,68.0,18.0,26.0,637.4196741854637,64.0,88.0,74.0,60.0
4.0,12.0,0.0,10.0,4.0,2.0,Liverpool,1.44,5.0,7.5,1.45,4.75,6.5,39.0,22.0,1.0,2.25,1.65,1.43,1.67,2.25,4.76,7.32,2.33,1.7,1.5,1.77,2.37,5.1,8.03,37.0,2018-01-09,E0,2.0,1.0,A,4.0,9.0,0.0,12.0,5.0,2.0,0.0,A,3.0,Leicester,1.5,4.3,6.5,True,1.4,4.6,7.5,1.45,1.45,4.75,8.17,4.96,7.5,P Tierney,1.45,5.0,7.5,1.4,4.75,7.0,63.0,75.0,24.0,29.0,919.6494152046782,65.0,94.0,62.0,87.0,85.0,81.0,22.0,25.0,726.3569340016707,72.0,73.0,77.0,61.0
0.0,13.0,0.0,3.0,2.0,0.0,Newcastle,26.0,11.0,1.11,18.5,9.5,1.12,38.0,19.0,-2.5,3.03,1.37,24.64,1.89,1.99,9.76,1.11,3.2,1.4,32.5,1.93,2.02,11.34,1.13,31.0,2018-01-09,E0,1.0,2.0,H,4.0,5.0,0.0,24.0,8.0,1.0,1.0,D,0.0,Man City,20.0,9.0,1.12,True,29.0,9.5,1.1,27.95,29.28,10.43,1.12,10.57,1.12,K Friend,29.0,11.0,1.11,26.0,10.0,1.08,72.0,82.0,17.0,22.0,631.0086883876357,89.0,74.0,80.0,91.0,68.0,66.0,22.0,33.0,1089.7329573934835,74.0,69.0,62.0,94.0
4.0,11.0,0.0,15.0,6.0,1.0,Wolves,2.87,3.4,2.6,2.85,3.3,2.5,39.0,20.0,-0.25,1.95,1.85,2.86,1.74,2.15,3.37,2.51,2.01,1.93,3.0,1.8,2.22,3.5,2.6,38.0,2018-01-09,E0,1.0,0.0,A,4.0,10.0,0.0,13.0,3.0,0.0,0.0,D,2.0,West Ham,2.85,3.3,2.5,True,2.8,3.3,2.45,2.91,3.02,3.26,2.6,3.44,2.58,C Kavanagh,2.9,3.5,2.5,2.8,3.5,2.4,,,,,,,,,,59.0,82.0,24.0,23.0,670.0312030075188,64.0,100.0,60.0,96.0
5.0,13.0,1.0,21.0,9.0,3.0,Man United,1.7,3.75,6.0,1.65,3.6,6.0,38.0,21.0,1.0,1.7,2.14,1.67,2.22,1.7,3.72,5.73,1.77,2.21,1.7,2.28,1.74,3.9,6.25,36.0,2018-02-09,E0,2.0,0.0,A,2.0,7.0,0.0,9.0,2.0,2.0,0.0,A,2.0,Burnley,1.7,3.75,5.0,True,1.67,3.6,5.75,1.68,1.6,4.02,6.72,3.85,5.94,J Moss,1.65,3.8,6.25,1.65,3.7,5.5,58.0,91.0,21.0,21.0,806.0816432105905,55.0,88.0,86.0,108.0,74.0,85.0,12.0,17.0,652.049398004816,85.0,68.0,85.0,71.0
9.0,14.0,0.0,17.0,11.0,4.0,Arsenal,1.57,4.33,6.5,1.57,4.0,6.0,38.0,21.0,1.0,2.07,1.76,1.56,1.94,1.93,4.22,6.0,2.16,1.81,1.65,2.05,2.0,4.54,6.6,36.0,2018-02-09,E0,3.0,2.0,A,3.0,12.0,0.0,14.0,3.0,1.0,1.0,D,3.0,Cardiff,1.65,3.8,5.4,True,1.53,4.0,6.0,1.55,1.56,4.47,6.34,4.54,6.35,A Taylor,1.55,4.33,6.5,1.53,4.33,5.5,75.0,80.0,17.0,33.0,917.4318488529016,80.0,76.0,89.0,105.0,,,,,,,,,
10.0,8.0,0.0,11.0,2.0,1.0,Tottenham,1.64,4.2,5.5,1.57,4.25,5.5,38.0,22.0,1.0,2.14,1.7,1.62,2.05,1.82,4.13,5.38,2.22,1.75,1.68,2.1,1.87,4.3,5.75,36.0,2018-02-09,E0,1.0,2.0,H,3.0,9.0,0.0,7.0,3.0,0.0,0.0,D,2.0,Watford,1.65,3.9,5.3,True,1.6,4.0,5.25,1.66,1.69,3.97,5.6,4.19,5.5,A Marriner,1.62,4.2,5.75,1.62,4.2,5.0,60.0,80.0,21.0,30.0,928.9959899749376,65.0,101.0,63.0,94.0,66.0,74.0,21.0,24.0,738.855179615706,63.0,83.0,60.0,71.0
,,,,,,Liverpool,2.37,3.6,3.1,,,,,,,,,,,,,,,,,,,,,,2018-09-15 00:00:00,E0,,,,,,,,,,,,,Tottenham,,,,False,,,,,,,,,,,,,,,,,61.0,86.0,10.0,31.0,973.3061698363556,57.0,82.0,63.0,97.0,74.0,69.0,25.0,22.0,939.2624895572264,80.0,84.0,94.0,88.0
,,,,,,Leicester,3.0,3.5,2.45,,,,,,,,,,,,,,,,,,,,,,2018-09-15 00:00:00,E0,,,,,,,,,,,,,Bournemouth,,,,False,,,,,,,,,,,,,,,,,61.0,104.0,26.0,23.0,755.6882205513784,61.0,77.0,80.0,86.0,64.0,110.0,21.0,25.0,713.7223475355054,73.0,108.0,78.0,97.0
,,,,,,Cardiff,21.0,8.5,1.16,,,,,,,,,,,,,,,,,,,,,,2018-09-15 00:00:00,E0,,,,,,,,,,,,,Chelsea,,,,False,,,,,,,,,,,,,,,,,25.0,22.0,4.0,5.0,143.51904761904763,19.0,23.0,23.0,12.0,51.0,76.0,19.0,22.0,847.0657894736842,66.0,82.0,71.0,116.0
,,,,,,Crystal Palace,2.4,3.1,3.5,,,,,,,,,,,,,,,,,,,,,,2018-09-15 00:00:00,E0,,,,,,,,,,,,,Huddersfield,,,,False,,,,,,,,,,,,,,,,,78.0,82.0,25.0,19.0,659.1458425475454,75.0,77.0,88.0,87.0,49.0,100.0,16.0,12.0,667.3119219617671,45.0,98.0,54.0,107.0
,,,,,,Fulham,29.0,12.0,1.1,,,,,,,,,,,,,,,,,,,,,,2018-09-15 00:00:00,E0,,,,,,,,,,,,,Man City,,,,False,,,,,,,,,,,,,,,,,12.0,23.0,7.0,10.0,213.22894736842105,15.0,30.0,20.0,41.0,80.0,70.0,25.0,26.0,1054.4651137648043,79.0,91.0,58.0,82.0
,,,,,,Arsenal,1.85,3.9,4.33,,,,,,,,,,,,,,,,,,,,,,2018-09-15 00:00:00,E0,,,,,,,,,,,,,Newcastle,,,,False,,,,,,,,,,,,,,,,,80.0,83.0,21.0,36.0,857.0874686716792,69.0,88.0,97.0,102.0,56.0,67.0,12.0,24.0,617.2736842105264,72.0,88.0,60.0,75.0
,,,,,,Man United,1.95,3.6,4.33,,,,,,,,,,,,,,,,,,,,,,2018-09-15 00:00:00,E0,,,,,,,,,,,,,Watford,,,,False,,,,,,,,,,,,,,,,,74.0,63.0,20.0,21.0,816.3603174603174,62.0,82.0,97.0,68.0,61.0,85.0,10.0,28.0,724.223632610939,52.0,67.0,57.0,85.0
,,,,,,Burnley,5.75,3.6,1.75,,,,,,,,,,,,,,,,,,,,,,2018-09-15 00:00:00,E0,,,,,,,,,,,,,Wolves,,,,False,,,,,,,,,,,,,,,,,69.0,79.0,22.0,21.0,727.9691311612364,65.0,70.0,89.0,89.0,28.0,13.0,5.0,4.0,194.00150375939847,26.0,19.0,22.0,16.0
,,,,,,West Ham,3.9,3.75,2.0,,,,,,,,,,,,,,,,,,,,,,2018-09-15 00:00:00,E0,,,,,,,,,,,,,Everton,,,,False,,,,,,,,,,,,,,,,,66.0,87.0,19.0,33.0,686.5188043638508,68.0,87.0,76.0,104.0,72.0,70.0,18.0,22.0,718.8904270480122,68.0,77.0,75.0,80.0
,,,,,,Brighton,4.0,3.3,2.1,,,,,,,,,,,,,,,,,,,,,,2018-09-15 00:00:00,E0,,,,,,,,,,,,,Southampton,,,,False,,,,,,,,,,,,,,,,,62.0,83.0,14.0,31.0,607.0568922305764,58.0,82.0,64.0,93.0,87.0,95.0,17.0,18.0,727.8101503759399,75.0,67.0,91.0,88.0
